id,firstName,lastName,birthDate,email
1,David,Palmer,1979-04-10,youngjohn@lowe-perkins.com
2,Dawn,Snyder,1962-03-01,qlee@yahoo.com
3,Tara,Rivera,2001-01-29,lindseystewart@yahoo.com
4,Jason,Maddox,1995-05-19,bryan02@smith-jones.info
5,Austin,Estrada,1965-10-09,ericrodriguez@williams.com
6,Brian,Meyer,1980-05-04,jeverett@cannon.com
7,Angela,Bolton,1996-05-28,xalexander@yahoo.com
8,Gary,Hartman,1962-03-02,polsen@gibson.info
9,Angela,Reynolds,1988-12-07,murrayantonio@gmail.com
10,John,White,1979-11-03,melissa38@yahoo.com
11,Elijah,Simpson,2000-05-19,yyoung@gmail.com
12,Trevor,Ellis,1986-10-14,caitlynobrien@gmail.com
13,Roger,Rodgers,1989-06-14,kenneth04@yahoo.com
14,Eric,Hunter,1994-02-19,wardanna@parker.com
15,Eileen,Murphy,1962-03-11,terrencebrown@hotmail.com
16,Jack,Smith,1966-12-27,brownpaula@yahoo.com
17,Lisa,Nielsen,1976-01-27,russellaustin@potts.info
18,Joseph,Pollard,1999-04-10,wandamorgan@hotmail.com
19,Jackie,Zuniga,1970-02-18,nancymartinez@gmail.com
20,Vincent,Howell,1980-02-17,patriciamorse@brown-morales.com
21,Vincent,Martinez,1996-05-13,matthewlane@price-duke.net
22,Devin,Delgado,1989-11-26,ybaxter@hall.com
23,Theodore,Henderson,1984-02-27,alecsteele@gmail.com
24,Angela,Higgins,1986-05-12,deanna13@luna.com
25,Amy,Curry,2002-06-19,christopher74@gmail.com
26,Madeline,Harvey,1997-09-28,rwilliams@garcia.com
27,James,Stone,1965-06-06,kimberly37@hotmail.com
28,Hector,Eaton,1993-12-12,jeremy45@yahoo.com
29,Bryan,Fuller,1991-03-27,clarklucas@lopez.biz
30,Mark,Wright,1974-05-31,josephclay@martinez-galloway.com
31,Nicole,Martin,1999-10-17,cristiandavis@hotmail.com
32,Travis,Johnson,1988-09-03,alan83@yahoo.com
33,Leslie,Lucas,1983-11-12,sanchezmatthew@morgan-ray.com
34,Anthony,Macias,1996-01-09,lori57@yahoo.com
35,Julia,Cooper,1972-07-09,erikfaulkner@joseph.info
36,Kathryn,Cruz,1986-08-12,judithpatterson@turner-thomas.org
37,Jasmine,Smith,1998-09-09,timothy93@hotmail.com
38,Catherine,Beltran,2003-05-17,andrewguzman@gmail.com
39,Brenda,Allen,1970-11-25,hubergregory@gmail.com
40,Sharon,Hill,1963-01-03,zdean@hotmail.com
41,Dana,Mason,1998-01-15,mary80@hotmail.com
42,Nicholas,Scott,1997-04-19,rodriguezjohn@yahoo.com
43,Lori,Davis,1992-09-04,catherinemoore@mcneil-heath.com
44,Rachel,Johnson,1986-03-10,brittanywilliams@hotmail.com
45,Sean,Ferguson,1992-06-28,uparker@arnold.com
46,Robert,Harvey,1963-04-27,jason96@sanders.net
47,Tracey,Sanchez,1998-04-13,hessmark@saunders-beard.biz
48,Kimberly,Crawford,1976-04-09,hwatkins@willis.com
49,Brent,Cooper,1995-08-24,ibarraadam@smith.info
50,James,Boone,1966-05-27,loricruz@edwards.com
51,Michael,Thompson,1976-09-28,zreed@hotmail.com
52,Monique,Taylor,1981-03-18,pbolton@hicks.info
53,Laura,Wilson,1965-03-28,jennifer56@gmail.com
54,Melanie,Perry,1983-10-03,faithcrawford@gmail.com
55,Samuel,Arellano,2005-12-24,romandonald@smith-herring.org
56,April,Sanchez,1999-07-16,amanda47@hotmail.com
57,Lori,Gill,1972-08-19,ewelch@hotmail.com
58,Allison,Woods,1983-12-12,nicole99@yahoo.com
59,Joy,Rivers,1974-05-09,bethanymccarthy@delgado-kim.info
60,Jorge,Carney,1990-09-21,rmcclure@cardenas.com
61,Danielle,Villegas,1972-02-18,leachshane@nichols.com
62,Carolyn,Mckee,1987-08-01,courtneywhitehead@gmail.com
63,Kristina,Fox,1967-10-12,itownsend@peters-baker.com
64,Raymond,Hardin,1996-01-17,debradavis@powell.com
65,Ryan,Lynch,1986-06-02,jonathanmcintyre@gmail.com
66,Russell,Rogers,1977-05-21,kellymcintosh@hunt.com
67,Charles,Smith,1997-03-28,matthewpowell@brown-moore.com
68,Larry,Davis,1993-10-21,allendenise@mckee.info
69,Matthew,Mills,2003-12-30,dannygibson@barron.com
70,Matthew,Perez,2001-01-02,hughesisaac@yahoo.com
71,Michael,Gonzalez,1998-11-21,drobinson@scott-diaz.com
72,Zachary,Lawson,1965-04-05,rebeccacasey@gmail.com
73,Leroy,Ramirez,2005-09-24,jonathangomez@yahoo.com
74,Victoria,Moore,1978-07-10,gregorymyers@gmail.com
75,Terri,Ford,2005-11-15,johnnyadams@harris.com
76,Jack,Brown,1971-03-25,milleralexandra@orozco.com
77,Amanda,Murray,1999-09-12,renee32@ingram.com
78,Patrick,Duran,1999-07-20,kevinmcconnell@johnston-young.com
79,Jeff,Joseph,1973-08-21,brittany35@yahoo.com
80,James,Duarte,1999-07-09,lisa10@yahoo.com
81,Charlene,Boyer,2006-02-11,falexander@yahoo.com
82,Kelly,Mejia,1972-07-17,rlopez@gmail.com
83,Claudia,Rojas,1974-03-17,ashley53@huerta.com
84,Robert,Byrd,1990-02-16,kerry65@gmail.com
85,Crystal,Bridges,1985-01-30,goldenian@hill.biz
86,Jennifer,David,1961-08-26,geraldwolfe@hotmail.com
87,Victor,Taylor,1982-02-20,wreilly@yahoo.com
88,Elizabeth,Johnson,1963-01-07,zwilliams@adams.com
89,Melissa,Thomas,1975-12-12,christine32@miller-hernandez.com
90,Jeremy,Kelley,1974-09-25,agoodman@gmail.com
91,Jessica,James,1996-06-01,melindashepard@gmail.com
92,Thomas,Caldwell,1988-01-14,hjohnson@gmail.com
93,Tina,Harris,1994-10-19,xwilliams@gmail.com
94,Lori,Pittman,1990-03-27,scott47@gmail.com
95,Matthew,Martin,1967-09-06,hbutler@yahoo.com
96,Lori,Nichols,1971-05-06,wbond@buckley-mendoza.com
97,Ricky,Campbell,2000-07-06,barnesgregory@chavez.com
98,Tara,Wood,1977-08-05,nicholaskline@brown.com
99,Ryan,Young,1966-11-03,reynoldsmark@hotmail.com
100,Stephanie,Wright,1960-04-22,hawkinsjoe@hotmail.com
